Workbook
Name Slicer_Age_Group: #N/A
Name Slicer_Department: #N/A
Name Slicer_Gender: #N/A
Name Slicer_Performance_Rating: #N/A

Sheet Sheet1 (2)
A1: Performance Rating | B1: Performance Rate
A2: 7 | B2: Meets Expectation
A3: 8 | B3: Exceeds Expectation
A4: 6 | B4: Need Improvement
A5: 9 | B5: Outsanding
A6: 5 | B6: Unsatisfactory

Sheet Year of Service
A1: Years of Service | B1: Service Year Bucket
A2: 5 | B2: Developing
A3: 8 | B3: Developing
A4: 3 | B4: Early
A5: 12 | B5: Experienced
A6: 6 | B6: Developing
A7: 10 | B7: Experienced
A8: 4 | B8: Early
A9: 15 | B9: Veteran
A10: 7 | B10: Developing
A11: 9 | B11: Experienced
A12: 11 | B12: Experienced
A13: 2 | B13: Early
... A16: 14 | B16: Veteran

Sheet Salary range
A1: Salary | B1: Salary Range
A2: 45000 | B2: Very Low
A3: 60000 | B3: High
A4: 52000 | B4: Low
A5: 70000 | B5: Very High
A6: 55000 | B6: Low
A7: 65000 | B7: High
A8: 50000 | B8: Low
A9: 75000 | B9: Very High
A10: 48000 | B10: Very Low
A11: 58000 | B11: Low
A12: 62000 | B12: High
A13: 53000 | B13: Low
... A36: 41000 | B36: Very Low

Sheet Age range
A1: Age | B1: Age Group
A2: 30 | B2: 26-30years
A3: 35 | B3: 31-35years
A4: 28 | B4: 26-30years
A5: 42 | B5: 41-45years
A6: 29 | B6: 26-30years
A7: 40 | B7: 36-40years
A8: 33 | B8: 31-35years
A9: 45 | B9: 41-45years
A10: 31 | B10: 31-35years
A11: 37 | B11: 36-40years
A12: 32 | B12: 31-35years
A13: 34 | B13: 31-35years
... A22: 46 | B22: 46-50years

Sheet satisfaction Score
A1: Satisfaction Score | B1: Satisfaction Range
A2: 4 | B2: Neutral
A3: 4.5 | B3: Satisfied
A4: 3.8 | B4: Neutral
A5: 4.2 | B5: Satisfied
A6: 4.1 | B6: Neutral
A7: 4.3 | B7: Satisfied
A8: 3.5 | B8: Dissatisfied
A9: 4.8 | B9: Very Satisfied
A10: 4.4 | B10: Satisfied
A11: 3.7 | B11: Dissatisfied
A12: 3.9 | B12: Neutral
A13: 4.6 | B13: Very Satisfied
... A20: 3.1 | B20: Very Dissatisfied

Sheet pivot Analyser
C2: Attrition by Gender | E2: Attrition by Department | G2: Attrition by salary
A3: Total Staff | C3: Row Labels | D3: Count of Attrition | E3: Row Labels | F3: Count of Attrition | G3: Row Labels | H3: Count of Attrition | I3: Row Labels | J3: Count of Attrition | K3: Count of Attrition2 | T3: =MAX(S4:S7)*1.5 -> 480
A4: 780 | C4: Female | D4: 325 | E4: Engineering | F4: 105 | G4: High | H4: 320 | I4: High | J4: 320 | K4: 0.41025641 | M4: =C4 -> Female | N4: =D4 -> 325 | O4: =E4 -> Engineering | P4: =F4 -> 105 | R4: =G4 -> High | S4: =H4 -> 320 | T4: =$T$3-S4 -> 160
C5: Male | D5: 455 | E5: Finance | F5: 119 | G5: Low | H5: 293 | I5: Low | J5: 293 | K5: 0.37564103 | M5: =C5 -> Male | N5: =D5 -> 455 | O5: =E5 -> Finance | P5: =F5 -> 119 | R5: =G5 -> Low | S5: =H5 -> 293 | T5: =$T$3-S5 -> 187
C6: Grand Total | D6: 780 | E6: HR | F6: 132 | G6: Very High | H6: 119 | I6: Very High | J6: 119 | K6: 0.1525641 | O6: =E6 -> HR | P6: =F6 -> 132 | R6: =G6 -> Very High | S6: =H6 -> 119 | T6: =$T$3-S6 -> 361
A7: Yes Staff(No. of Employee who left) | E7: IT | F7: 142 | G7: Very Low | H7: 48 | I7: Very Low | J7: 48 | K7: 0.061538462 | O7: =E7 -> IT | P7: =F7 -> 142 | R7: =G7 -> Very Low | S7: =H7 -> 48 | T7: =$T$3-S7 -> 432
A8: 234 | C8: Attrition by Age Group | E8: Marketing | F8: 125 | G8: Grand Total | H8: 780 | I8: Grand Total | J8: 780 | K8: 1 | O8: =E8 -> Marketing | P8: =F8 -> 125
C9: Row Labels | D9: Count of Attrition | E9: Sales | F9: 157 | O9: =E9 -> Sales | P9: =F9 -> 157
C10: 26-30years | D10: 228 | E10: Grand Total | F10: 780 | L10: =C10 -> 26-30years | M10: =D10 -> 228
C11: 31-35years | D11: 292 | G11: Maximun Salary | L11: =C11 -> 31-35years | M11: =D11 -> 292
A12: No staff(No. of Employees who are still there) | C12: 36-40years | D12: 180 | E12: Attrition by Job Role | G12: 78000 | L12: =C12 -> 36-40years | M12: =D12 -> 180
A13: 546 | C13: 41-45years | D13: 78 | E13: Row Labels | F13: Count of Attrition | L13: =C13 -> 41-45years | M13: =D13 -> 78 | O13: =E14 -> Accountant | P13: =F14 -> 41
C14: 46-50years | D14: 2 | E14: Accountant | F14: 41 | L14: =C14 -> 46-50years | M14: =D14 -> 2 | O14: =E15 -> Analyst | P14: =F15 -> 124
C15: Grand Total | D15: 780 | E15: Analyst | F15: 124 | G15: Minimum Salary | O15: =E16 -> Engineer | P15: =F16 -> 180
E16: Engineer | F16: 180 | G16: 41000 | O16: =E17 -> Manager | P16: =F17 -> 103
A17: Attrition Rate | C17: Attrition by Job Satisfaction | E17: Manager | F17: 103 | O17: =E18 -> Sales Rep | P17: =F18 -> 124
A18: 30 | C18: Row Labels | D18: Count of Attrition | E18: Sales Rep | F18: 124 | M18: =MAX(L19:L23) *1.5 -> 450 | O18: =E19 -> Specialist | P18: =F19 -> 208
C19: Dissatisfied | D19: 300 | E19: Specialist | F19: 208 | G19: High Performers | K19: =C19 -> Dissatisfied | L19: =D19 -> 300 | M19: =$M$18-L19 -> 150
C20: Neutral | D20: 274 | E20: Grand Total | F20: 780 | G20: 469 | K20: =C20 -> Neutral | L20: =D20 -> 274 | M20: =$M$18-L20 -> 176
A21: Average Age | C21: Satisfied | D21: 104 | K21: =C21 -> Satisfied | L21: =D21 -> 104 | M21: =$M$18-L21 -> 346
A22: 33.880769 | C22: Very Dissatisfied | D22: 79 | E22: Attrition by Year of Service | K22: =C22 -> Very Dissatisfied | L22: =D22 -> 79 | M22: =$M$18-L22 -> 371
C23: Very Satisfied | D23: 23 | E23: Row Labels | F23: Count of Attrition | G23: High Performers | K23: =C23 -> Very Satisfied | L23: =D23 -> 23 | M23: =$M$18-L23 -> 427
C24: Grand Total | D24: 780 | E24: Developing | F24: 433 | G24: 469 | O24: =E24 -> Developing | P24: =F24 -> 433
E25: Early | F25: 204 | O25: =E25 -> Early | P25: =F25 -> 204
A26: Average Salary | C26: Attrition by Performance Rating | E26: Experienced | F26: 126 | M26: =MAX(L27:L31) *1.5 -> 369 | O26: =E26 -> Experienced | P26: =F26 -> 126
A27: 60953.846 | C27: Row Labels | D27: Count of Attrition | E27: Veteran | F27: 17 | G27: Distinct Count of Department | K27: =C28 -> Exceeds Expectation | L27: =D28 -> 158 | M27: =$M$26-L27 -> 211 | O27: =E27 -> Veteran | P27: =F27 -> 17
C28: Exceeds Expectation | D28: 158 | E28: Grand Total | F28: 780 | G28: 6 | K28: =C29 -> Meets Expectation | L28: =D29 -> 246 | M28: =$M$26-L28 -> 123
A29: Average Year of Service | C29: Meets Expectation | D29: 246 | K29: =C30 -> Need Improvement | L29: =D30 -> 176 | M29: =$M$26-L29 -> 193
A30: 6.4192308 | C30: Need Improvement | D30: 176 | K30: =C31 -> Outsanding | L30: =D31 -> 65 | M30: =$M$26-L30 -> 304
C31: Outsanding | D31: 65 | G31: Distinct Count of Job Role | K31: =C32 -> Unsatisfactory | L31: =D32 -> 135 | M31: =$M$26-L31 -> 234
C32: Unsatisfactory | D32: 135 | G32: 6
A33: Average Performance Rating | C33: Grand Total | D33: 780 | E33: Row Labels | F33: Count of Department
A34: 6.7974359 | E34: Female | F34: 325
E35: Male | F35: 455
A36: Average Satisfaction Score | E36: Grand Total | F36: 780
A37: 3.7820513

Sheet my analysis
C2: unsatisfactory | D2: outstanding | E2: need improvement | F2: meets expectation | G2: exceed expectation

Sheet Dashboard
Q5: =GETPIVOTDATA("[Measures].[Average Year of Service]",'pivot Analyser'!$A$29) -> 6.4192308 | T5: =GETPIVOTDATA("[Measures].[Average Performance Rating]",'pivot Analyser'!$A$33) -> 6.7974359 | W5: =GETPIVOTDATA("[Measures].[Average Satisfaction Score]",'pivot Analyser'!$A$36) -> 3.7820513 | Z5: =GETPIVOTDATA("[Measures].[Distinct Count of Department]",'pivot Analyser'!$G$27) -> 6 | AB5: =GETPIVOTDATA("[Measures].[No staff(No. of Employees who are still there)]",'pivot Analyser'!$A$12) -> 546
G6: =GETPIVOTDATA("[Measures].[Total Staff]",'pivot Analyser'!$A$3) -> 780 | I6: =GETPIVOTDATA("[Measures].[Yes Staff(No. of Employee who left)]",'pivot Analyser'!$A$7) -> 234 | K6: =GETPIVOTDATA("[Measures].[Attrition Rate]",'pivot Analyser'!$A$17) -> 30 | M6: =GETPIVOTDATA("[Measures].[Average Salary]",'pivot Analyser'!$A$26) -> 60953.846

Sheet Cleaned Data sheet
A1: EmployeeID | B1: Age | C1: Gender | D1: Department | E1: Job Role | F1: Years of Service | G1: Performance Rating | H1: Satisfaction Score | I1: Salary | J1: Attrition
A2: 001 | B2: 30 | C2: Male | D2: Sales | E2: Sales Rep | F2: 5 | G2: 7 | H2: 4 | I2: 45000 | J2: No
A3: 002 | B3: 35 | C3: Female | D3: Marketing | E3: Manager | F3: 8 | G3: 8 | H3: 4.5 | I3: 60000 | J3: No
A4: 003 | B4: 28 | C4: Male | D4: IT | E4: Analyst | F4: 3 | G4: 6 | H4: 3.8 | I4: 52000 | J4: No
A5: 004 | B5: 42 | C5: Male | D5: HR | E5: Specialist | F5: 12 | G5: 9 | H5: 4.2 | I5: 70000 | J5: Yes
A6: 005 | B6: 29 | C6: Male | D6: Engineering | E6: Engineer | F6: 6 | G6: 7 | H6: 4.1 | I6: 55000 | J6: No
A7: 006 | B7: 40 | C7: Female | D7: Finance | E7: Accountant | F7: 10 | G7: 8 | H7: 4.3 | I7: 65000 | J7: No
A8: 007 | B8: 33 | C8: Female | D8: Marketing | E8: Analyst | F8: 4 | G8: 6 | H8: 3.5 | I8: 50000 | J8: Yes
A9: 008 | B9: 45 | C9: Female | D9: IT | E9: Manager | F9: 15 | G9: 9 | H9: 4.8 | I9: 75000 | J9: No
A10: 009 | B10: 31 | C10: Male | D10: Sales | E10: Sales Rep | F10: 7 | G10: 7 | H10: 4.2 | I10: 48000 | J10: No
A11: 010 | B11: 37 | C11: Male | D11: Engineering | E11: Engineer | F11: 9 | G11: 8 | H11: 4 | I11: 58000 | J11: No
A12: 011 | B12: 32 | C12: Female | D12: Finance | E12: Accountant | F12: 6 | G12: 8 | H12: 4.4 | I12: 62000 | J12: Yes
A13: 012 | B13: 34 | C13: Male | D13: IT | E13: Analyst | F13: 5 | G13: 7 | H13: 3.7 | I13: 53000 | J13: No
... A781: 780 | B781: 33 | C781: Female | D781: HR | E781: Specialist | F781: 5 | G781: 7 | H781: 3.5 | I781: 63000 | J781: No

Sheet Sheet2
